{
  "model": "distilbert-base-uncased",
  "clean": {
    "accuracy": 0.9456578947368421,
    "macro_f1": 0.945677119167807,
    "per_class_f1": {
      "World": 0.9568440561292031,
      "Sports": 0.9865965834428384,
      "Business": 0.916910007963897,
      "Sci/Tech": 0.9223578291352895
    },
    "loss": 0.1905756166112852
  },
  "noisy": {
    "accuracy": 0.9385526315789474,
    "macro_f1": 0.9385696041086575,
    "per_class_f1": {
      "World": 0.9479027518033663,
      "Sports": 0.982483660130719,
      "Business": 0.9101890756302521,
      "Sci/Tech": 0.9137029288702929
    },
    "loss": 0.22537333265772605
  },
  "drops": {
    "accuracy_drop": 0.007105263157894726,
    "macro_f1_drop": 0.007107515059149416
  }
}