{
  "model": "distilbert-base-uncased",
  "setting": "adversarial_worldcue",
  "metrics": {
    "accuracy": 0.9349122807017544,
    "macro_f1": 0.7087594660116128,
    "per_class_f1": {
      "World": 0.0,
      "Sports": 0.9897124769190188,
      "Business": 0.9183561643835616,
      "Sci/Tech": 0.9269692227438706
    },
    "confusion_matrix": [
      [
        0,
        0,
        0,
        0
      ],
      [
        13,
        1876,
        5,
        6
      ],
      [
        66,
        7,
        1676,
        151
      ],
      [
        46,
        8,
        69,
        1777
      ]
    ],
    "loss": 0.23619476952668092,
    "world_prediction_rate": 0.021929824561403508
  }
}